{"cameraMode":{"drawMode":0,"name":"Shaded","section":"Shading Mode"},"sceneLighting":true,"audioPlay":false,"sceneViewState":{"m_AlwaysRefresh":false,"showFog":true,"showSkybox":true,"showFlares":true,"showImageEffects":true,"showParticleSystems":true,"showVisualEffectGraphs":true,"m_FxEnabled":true},"in2DMode":false,"pivot":{"x":65.54701232910156,"y":-1.7510194778442383,"z":-49.35597229003906},"rotation":{"x":-0.0004314193793106824,"y":0.9985892176628113,"z":-0.05278300493955612,"w":-0.008127197623252869},"size":9.861919403076172,"orthographic":false}