{"cameraMode":{"drawMode":0,"name":"Shaded","section":"Shading Mode"},"sceneLighting":true,"audioPlay":false,"sceneViewState":{"m_AlwaysRefresh":false,"showFog":true,"showSkybox":true,"showFlares":true,"showImageEffects":true,"showParticleSystems":true,"showVisualEffectGraphs":true,"m_FxEnabled":true},"in2DMode":false,"pivot":{"x":42.0897331237793,"y":-34.76350402832031,"z":-23.158241271972658},"rotation":{"x":-0.2204962819814682,"y":-0.00000947821627050871,"z":0.00011521853593876585,"w":-0.9754548668861389},"size":82.13831329345703,"orthographic":false}